Total pages;Current page;Actual
4096;0;0
4096;1;1
4096;2;1
4096;3;1
4096;4;1
4096;5;1
4096;6;1
4096;7;1
4096;8;1
4096;9;1
4096;10;1
4096;11;1
4096;12;1
4096;13;1
4096;14;1
4096;15;1
4096;16;1
4096;17;1
4096;18;1
4096;19;1
4096;20;1
4096;21;1
4096;22;1
4096;23;1
4096;24;1
4096;25;1
4096;26;1
4096;27;1
4096;28;1
4096;29;1
4096;30;1
4096;31;1
4096;32;1
4096;33;1
4096;34;1
4096;35;1
4096;36;1
4096;37;1
4096;38;1
4096;39;1
4096;40;1
4096;41;1
4096;42;1
4096;43;1
4096;44;1
4096;45;1
4096;46;1
4096;47;1
4096;48;1
4096;49;1
4096;50;1
4096;51;1
4096;52;1
4096;53;1
4096;54;1
4096;55;1
4096;56;1
4096;57;1
4096;58;1
4096;59;1
4096;60;1
4096;61;1
4096;62;1
4096;63;1
4096;64;1
4096;65;1
4096;66;1
4096;67;1
4096;68;1
4096;69;1
4096;70;1
4096;71;1
4096;72;1
4096;73;1
4096;74;1
4096;75;1
4096;76;1
4096;77;1
4096;78;1
4096;79;1
4096;80;1
4096;81;1
4096;82;1
4096;83;1
4096;84;1
4096;85;1
4096;86;1
4096;87;1
4096;88;1
4096;89;1
4096;90;1
4096;91;1
4096;92;1
4096;93;1
4096;94;1
4096;95;1
4096;96;1
4096;97;1
4096;98;1
4096;99;1
4096;100;1
4096;101;1
4096;102;1
4096;103;1
4096;104;1
4096;105;1
4096;106;1
4096;107;1
4096;108;1
4096;109;1
4096;110;1
4096;111;1
4096;112;1
4096;113;1
4096;114;1
4096;115;1
4096;116;1
4096;117;1
4096;118;1
4096;119;1
4096;120;1
4096;121;1
4096;122;1
4096;123;1
4096;124;1
4096;125;1
4096;126;1
4096;127;1
4096;128;1
4096;129;1
4096;130;1
4096;131;1
4096;132;1
4096;133;1
4096;134;1
4096;135;1
4096;136;1
4096;137;1
4096;138;1
4096;139;1
4096;140;1
4096;141;1
4096;142;1
4096;143;1
4096;144;1
4096;145;1
4096;146;1
4096;147;1
4096;148;1
4096;149;1
4096;150;1
4096;151;1
4096;152;1
4096;153;1
4096;154;1
4096;155;1
4096;156;1
4096;157;1
4096;158;1
4096;159;1
4096;160;1
4096;161;1
4096;162;1
4096;163;1
4096;164;1
4096;165;1
4096;166;1
4096;167;1
4096;168;1
4096;169;1
4096;170;1
4096;171;1
4096;172;1
4096;173;1
4096;174;1
4096;175;1
4096;176;1
4096;177;1
4096;178;1
4096;179;1
4096;180;1
4096;181;1
4096;182;1
4096;183;1
4096;184;1
4096;185;1
4096;186;1
4096;187;1
4096;188;1
4096;189;1
4096;190;1
4096;191;1
4096;192;1
4096;193;1
4096;194;1
4096;195;1
4096;196;1
4096;197;1
4096;198;1
4096;199;1
4096;200;1
4096;201;1
4096;202;1
4096;203;1
4096;204;1
4096;205;1
4096;206;1
4096;207;1
4096;208;1
4096;209;1
4096;210;1
4096;211;1
4096;212;1
4096;213;1
4096;214;1
4096;215;1
4096;216;1
4096;217;1
4096;218;1
4096;219;1
4096;220;1
4096;221;1
4096;222;1
4096;223;1
4096;224;1
4096;225;1
4096;226;1
4096;227;1
4096;228;1
4096;229;1
4096;230;1
4096;231;1
4096;232;1
4096;233;1
4096;234;1
4096;235;1
4096;236;1
4096;237;1
4096;238;1
4096;239;1
4096;240;1
4096;241;1
4096;242;1
4096;243;1
4096;244;1
4096;245;1
4096;246;1
4096;247;1
4096;248;1
4096;249;1
4096;250;1
4096;251;1
4096;252;1
4096;253;1
4096;254;1
4096;255;1
4096;256;1
4096;257;1
4096;258;1
4096;259;1
4096;260;1
4096;261;1
4096;262;1
4096;263;1
4096;264;1
4096;265;1
4096;266;1
4096;267;1
4096;268;1
4096;269;1
4096;270;1
4096;271;1
4096;272;1
4096;273;1
4096;274;1
4096;275;1
4096;276;1
4096;277;1
4096;278;1
4096;279;1
4096;280;1
4096;281;1
4096;282;1
4096;283;1
4096;284;1
4096;285;1
4096;286;1
4096;287;1
4096;288;1
4096;289;1
4096;290;1
4096;291;1
4096;292;1
4096;293;1
4096;294;1
4096;295;1
4096;296;1
4096;297;1
4096;298;1
4096;299;1
4096;300;1
4096;301;1
4096;302;1
4096;303;1
4096;304;1
4096;305;1
4096;306;1
4096;307;1
4096;308;1
4096;309;1
4096;310;1
4096;311;1
4096;312;1
4096;313;1
4096;314;1
4096;315;1
4096;316;1
4096;317;1
4096;318;1
4096;319;1
4096;320;1
4096;321;1
4096;322;1
4096;323;1
4096;324;1
4096;325;1
4096;326;1
4096;327;1
4096;328;1
4096;329;1
4096;330;1
4096;331;1
4096;332;1
4096;333;1
4096;334;1
4096;335;1
4096;336;1
4096;337;1
4096;338;1
4096;339;1
4096;340;1
4096;341;1
4096;342;1
4096;343;1
4096;344;1
4096;345;1
4096;346;1
4096;347;1
4096;348;1
4096;349;1
4096;350;1
4096;351;1
4096;352;1
4096;353;1
4096;354;1
4096;355;1
4096;356;1
4096;357;1
4096;358;1
4096;359;1
4096;360;1
4096;361;1
4096;362;1
4096;363;1
4096;364;1
4096;365;1
4096;366;1
4096;367;1
4096;368;1
4096;369;1
4096;370;1
4096;371;1
4096;372;1
4096;373;1
4096;374;1
4096;375;1
4096;376;1
4096;377;1
4096;378;1
4096;379;1
4096;380;1
4096;381;1
4096;382;1
4096;383;1
4096;384;1
4096;385;1
4096;386;1
4096;387;1
4096;388;1
4096;389;1
4096;390;1
4096;391;1
4096;392;1
4096;393;1
4096;394;1
4096;395;1
4096;396;1
4096;397;1
4096;398;1
4096;399;1
4096;400;1
4096;401;1
4096;402;1
4096;403;1
4096;404;1
4096;405;1
4096;406;1
4096;407;1
4096;408;1
4096;409;1
4096;410;1
4096;411;1
4096;412;1
4096;413;1
4096;414;1
4096;415;1
4096;416;1
4096;417;1
4096;418;1
4096;419;1
4096;420;1
4096;421;1
4096;422;1
4096;423;1
4096;424;1
4096;425;1
4096;426;1
4096;427;1
4096;428;1
4096;429;1
4096;430;1
4096;431;1
4096;432;1
4096;433;1
4096;434;1
4096;435;1
4096;436;1
4096;437;1
4096;438;1
4096;439;1
4096;440;1
4096;441;1
4096;442;1
4096;443;1
4096;444;1
4096;445;1
4096;446;1
4096;447;1
4096;448;1
4096;449;1
4096;450;1
4096;451;1
4096;452;1
4096;453;1
4096;454;1
4096;455;1
4096;456;1
4096;457;1
4096;458;1
4096;459;1
4096;460;1
4096;461;1
4096;462;1
4096;463;1
4096;464;1
4096;465;1
4096;466;1
4096;467;1
4096;468;1
4096;469;1
4096;470;1
4096;471;1
4096;472;1
4096;473;1
4096;474;1
4096;475;1
4096;476;1
4096;477;1
4096;478;1
4096;479;1
4096;480;1
4096;481;1
4096;482;1
4096;483;1
4096;484;1
4096;485;1
4096;486;1
4096;487;1
4096;488;1
4096;489;1
4096;490;1
4096;491;1
4096;492;1
4096;493;1
4096;494;1
4096;495;1
4096;496;1
4096;497;1
4096;498;1
4096;499;1
4096;500;1
4096;501;1
4096;502;1
4096;503;1
4096;504;1
4096;505;1
4096;506;1
4096;507;1
4096;508;1
4096;509;1
4096;510;1
4096;511;1
4096;512;1
4096;513;2
4096;514;2
4096;515;2
4096;516;2
4096;517;2
4096;518;2
4096;519;2
4096;520;2
4096;521;2
4096;522;2
4096;523;2
4096;524;2
4096;525;2
4096;526;2
4096;527;2
4096;528;2
4096;529;2
4096;530;2
4096;531;2
4096;532;2
4096;533;2
4096;534;2
4096;535;2
4096;536;2
4096;537;2
4096;538;2
4096;539;2
4096;540;2
4096;541;2
4096;542;2
4096;543;2
4096;544;2
4096;545;2
4096;546;2
4096;547;2
4096;548;2
4096;549;2
4096;550;2
4096;551;2
4096;552;2
4096;553;2
4096;554;2
4096;555;2
4096;556;2
4096;557;2
4096;558;2
4096;559;2
4096;560;2
4096;561;2
4096;562;2
4096;563;2
4096;564;2
4096;565;2
4096;566;2
4096;567;2
4096;568;2
4096;569;2
4096;570;2
4096;571;2
4096;572;2
4096;573;2
4096;574;2
4096;575;2
4096;576;2
4096;577;2
4096;578;2
4096;579;2
4096;580;2
4096;581;2
4096;582;2
4096;583;2
4096;584;2
4096;585;2
4096;586;2
4096;587;2
4096;588;2
4096;589;2
4096;590;2
4096;591;2
4096;592;2
4096;593;2
4096;594;2
4096;595;2
4096;596;2
4096;597;2
4096;598;2
4096;599;2
4096;600;2
4096;601;2
4096;602;2
4096;603;2
4096;604;2
4096;605;2
4096;606;2
4096;607;2
4096;608;2
4096;609;2
4096;610;2
4096;611;2
4096;612;2
4096;613;2
4096;614;2
4096;615;2
4096;616;2
4096;617;2
4096;618;2
4096;619;2
4096;620;2
4096;621;2
4096;622;2
4096;623;2
4096;624;2
4096;625;2
4096;626;2
4096;627;2
4096;628;2
4096;629;2
4096;630;2
4096;631;2
4096;632;2
4096;633;2
4096;634;2
4096;635;2
4096;636;2
4096;637;2
4096;638;2
4096;639;2
4096;640;2
4096;641;2
4096;642;2
4096;643;2
4096;644;2
4096;645;2
4096;646;2
4096;647;2
4096;648;2
4096;649;2
4096;650;2
4096;651;2
4096;652;2
4096;653;2
4096;654;2
4096;655;2
4096;656;2
4096;657;2
4096;658;2
4096;659;2
4096;660;2
4096;661;2
4096;662;2
4096;663;2
4096;664;2
4096;665;2
4096;666;2
4096;667;2
4096;668;2
4096;669;2
4096;670;2
4096;671;2
4096;672;2
4096;673;2
4096;674;2
4096;675;2
4096;676;2
4096;677;2
4096;678;2
4096;679;2
4096;680;2
4096;681;2
4096;682;2
4096;683;2
4096;684;2
4096;685;2
4096;686;2
4096;687;2
4096;688;2
4096;689;2
4096;690;2
4096;691;2
4096;692;2
4096;693;2
4096;694;2
4096;695;2
4096;696;2
4096;697;2
4096;698;2
4096;699;2
4096;700;2
4096;701;2
4096;702;2
4096;703;2
4096;704;2
4096;705;2
4096;706;2
4096;707;2
4096;708;2
4096;709;2
4096;710;2
4096;711;2
4096;712;2
4096;713;2
4096;714;2
4096;715;2
4096;716;2
4096;717;2
4096;718;2
4096;719;2
4096;720;2
4096;721;2
4096;722;2
4096;723;2
4096;724;2
4096;725;2
4096;726;2
4096;727;2
4096;728;2
4096;729;2
4096;730;2
4096;731;2
4096;732;2
4096;733;2
4096;734;2
4096;735;2
4096;736;2
4096;737;2
4096;738;2
4096;739;2
4096;740;2
4096;741;2
4096;742;2
4096;743;2
4096;744;2
4096;745;2
4096;746;2
4096;747;2
4096;748;2
4096;749;2
4096;750;2
4096;751;2
4096;752;2
4096;753;2
4096;754;2
4096;755;2
4096;756;2
4096;757;2
4096;758;2
4096;759;2
4096;760;2
4096;761;2
4096;762;2
4096;763;2
4096;764;2
4096;765;2
4096;766;2
4096;767;2
4096;768;2
4096;769;2
4096;770;2
4096;771;2
4096;772;2
4096;773;2
4096;774;2
4096;775;2
4096;776;2
4096;777;2
4096;778;2
4096;779;2
4096;780;2
4096;781;2
4096;782;2
4096;783;2
4096;784;2
4096;785;2
4096;786;2
4096;787;2
4096;788;2
4096;789;2
4096;790;2
4096;791;2
4096;792;2
4096;793;2
4096;794;2
4096;795;2
4096;796;2
4096;797;2
4096;798;2
4096;799;2
4096;800;2
4096;801;2
4096;802;2
4096;803;2
4096;804;2
4096;805;2
4096;806;2
4096;807;2
4096;808;2
4096;809;2
4096;810;2
4096;811;2
4096;812;2
4096;813;2
4096;814;2
4096;815;2
4096;816;2
4096;817;2
4096;818;2
4096;819;2
4096;820;2
4096;821;2
4096;822;2
4096;823;2
4096;824;2
4096;825;2
4096;826;2
4096;827;2
4096;828;2
4096;829;2
4096;830;2
4096;831;2
4096;832;2
4096;833;2
4096;834;2
4096;835;2
4096;836;2
4096;837;2
4096;838;2
4096;839;2
4096;840;2
4096;841;2
4096;842;2
4096;843;2
4096;844;2
4096;845;2
4096;846;2
4096;847;2
4096;848;2
4096;849;2
4096;850;2
4096;851;2
4096;852;2
4096;853;2
4096;854;2
4096;855;2
4096;856;2
4096;857;2
4096;858;2
4096;859;2
4096;860;2
4096;861;2
4096;862;2
4096;863;2
4096;864;2
4096;865;2
4096;866;2
4096;867;2
4096;868;2
4096;869;2
4096;870;2
4096;871;2
4096;872;2
4096;873;2
4096;874;2
4096;875;2
4096;876;2
4096;877;2
4096;878;2
4096;879;2
4096;880;2
4096;881;2
4096;882;2
4096;883;2
4096;884;2
4096;885;2
4096;886;2
4096;887;2
4096;888;2
4096;889;2
4096;890;2
4096;891;2
4096;892;2
4096;893;2
4096;894;2
4096;895;2
4096;896;2
4096;897;2
4096;898;2
4096;899;2
4096;900;2
4096;901;2
4096;902;2
4096;903;2
4096;904;2
4096;905;2
4096;906;2
4096;907;2
4096;908;2
4096;909;2
4096;910;2
4096;911;2
4096;912;2
4096;913;2
4096;914;2
4096;915;2
4096;916;2
4096;917;2
4096;918;2
4096;919;2
4096;920;2
4096;921;2
4096;922;2
4096;923;2
4096;924;2
4096;925;2
4096;926;2
4096;927;2
4096;928;2
4096;929;2
4096;930;2
4096;931;2
4096;932;2
4096;933;2
4096;934;2
4096;935;2
4096;936;2
4096;937;2
4096;938;2
4096;939;2
4096;940;2
4096;941;2
4096;942;2
4096;943;2
4096;944;2
4096;945;2
4096;946;2
4096;947;2
4096;948;2
4096;949;2
4096;950;2
4096;951;2
4096;952;2
4096;953;2
4096;954;2
4096;955;2
4096;956;2
4096;957;2
4096;958;2
4096;959;2
4096;960;2
4096;961;2
4096;962;2
4096;963;2
4096;964;2
4096;965;2
4096;966;2
4096;967;2
4096;968;2
4096;969;2
4096;970;2
4096;971;2
4096;972;2
4096;973;2
4096;974;2
4096;975;2
4096;976;2
4096;977;2
4096;978;2
4096;979;2
4096;980;2
4096;981;2
4096;982;2
4096;983;2
4096;984;2
4096;985;2
4096;986;2
4096;987;2
4096;988;2
4096;989;2
4096;990;2
4096;991;2
4096;992;2
4096;993;2
4096;994;2
4096;995;2
4096;996;2
4096;997;2
4096;998;2
4096;999;2
4096;1000;2
4096;1001;2
4096;1002;2
4096;1003;2
4096;1004;2
4096;1005;2
4096;1006;2
4096;1007;2
4096;1008;2
4096;1009;2
4096;1010;2
4096;1011;2
4096;1012;2
4096;1013;2
4096;1014;2
4096;1015;2
4096;1016;2
4096;1017;2
4096;1018;2
4096;1019;2
4096;1020;2
4096;1021;2
4096;1022;2
4096;1023;2
4096;1024;2
4096;1025;3
4096;1026;3
4096;1027;3
4096;1028;3
4096;1029;3
4096;1030;3
4096;1031;3
4096;1032;3
4096;1033;3
4096;1034;3
4096;1035;3
4096;1036;3
4096;1037;3
4096;1038;3
4096;1039;3
4096;1040;3
4096;1041;3
4096;1042;3
4096;1043;3
4096;1044;3
4096;1045;3
4096;1046;3
4096;1047;3
4096;1048;3
4096;1049;3
4096;1050;3
4096;1051;3
4096;1052;3
4096;1053;3
4096;1054;3
4096;1055;3
4096;1056;3
4096;1057;3
4096;1058;3
4096;1059;3
4096;1060;3
4096;1061;3
4096;1062;3
4096;1063;3
4096;1064;3
4096;1065;3
4096;1066;3
4096;1067;3
4096;1068;3
4096;1069;3
4096;1070;3
4096;1071;3
4096;1072;3
4096;1073;3
4096;1074;3
4096;1075;3
4096;1076;3
4096;1077;3
4096;1078;3
4096;1079;3
4096;1080;3
4096;1081;3
4096;1082;3
4096;1083;3
4096;1084;3
4096;1085;3
4096;1086;3
4096;1087;3
4096;1088;3
4096;1089;3
4096;1090;3
4096;1091;3
4096;1092;3
4096;1093;3
4096;1094;3
4096;1095;3
4096;1096;3
4096;1097;3
4096;1098;3
4096;1099;3
4096;1100;3
4096;1101;3
4096;1102;3
4096;1103;3
4096;1104;3
4096;1105;3
4096;1106;3
4096;1107;3
4096;1108;3
4096;1109;3
4096;1110;3
4096;1111;3
4096;1112;3
4096;1113;3
4096;1114;3
4096;1115;3
4096;1116;3
4096;1117;3
4096;1118;3
4096;1119;3
4096;1120;3
4096;1121;3
4096;1122;3
4096;1123;3
4096;1124;3
4096;1125;3
4096;1126;3
4096;1127;3
4096;1128;3
4096;1129;3
4096;1130;3
4096;1131;3
4096;1132;3
4096;1133;3
4096;1134;3
4096;1135;3
4096;1136;3
4096;1137;3
4096;1138;3
4096;1139;3
4096;1140;3
4096;1141;3
4096;1142;3
4096;1143;3
4096;1144;3
4096;1145;3
4096;1146;3
4096;1147;3
4096;1148;3
4096;1149;3
4096;1150;3
4096;1151;3
4096;1152;3
4096;1153;3
4096;1154;3
4096;1155;3
4096;1156;3
4096;1157;3
4096;1158;3
4096;1159;3
4096;1160;3
4096;1161;3
4096;1162;3
4096;1163;3
4096;1164;3
4096;1165;3
4096;1166;3
4096;1167;3
4096;1168;3
4096;1169;3
4096;1170;3
4096;1171;3
4096;1172;3
4096;1173;3
4096;1174;3
4096;1175;3
4096;1176;3
4096;1177;3
4096;1178;3
4096;1179;3
4096;1180;3
4096;1181;3
4096;1182;3
4096;1183;3
4096;1184;3
4096;1185;3
4096;1186;3
4096;1187;3
4096;1188;3
4096;1189;3
4096;1190;3
4096;1191;3
4096;1192;3
4096;1193;3
4096;1194;3
4096;1195;3
4096;1196;3
4096;1197;3
4096;1198;3
4096;1199;3
4096;1200;3
4096;1201;3
4096;1202;3
4096;1203;3
4096;1204;3
4096;1205;3
4096;1206;3
4096;1207;3
4096;1208;3
4096;1209;3
4096;1210;3
4096;1211;3
4096;1212;3
4096;1213;3
4096;1214;3
4096;1215;3
4096;1216;3
4096;1217;3
4096;1218;3
4096;1219;3
4096;1220;3
4096;1221;3
4096;1222;3
4096;1223;3
4096;1224;3
4096;1225;3
4096;1226;3
4096;1227;3
4096;1228;3
4096;1229;3
4096;1230;3
4096;1231;3
4096;1232;3
4096;1233;3
4096;1234;3
4096;1235;3
4096;1236;3
4096;1237;3
4096;1238;3
4096;1239;3
4096;1240;3
4096;1241;3
4096;1242;3
4096;1243;3
4096;1244;3
4096;1245;3
4096;1246;3
4096;1247;3
4096;1248;3
4096;1249;3
4096;1250;3
4096;1251;3
4096;1252;3
4096;1253;3
4096;1254;3
4096;1255;3
4096;1256;3
4096;1257;3
4096;1258;3
4096;1259;3
4096;1260;3
4096;1261;3
4096;1262;3
4096;1263;3
4096;1264;3
4096;1265;3
4096;1266;3
4096;1267;3
4096;1268;3
4096;1269;3
4096;1270;3
4096;1271;3
4096;1272;3
4096;1273;3
4096;1274;3
4096;1275;3
4096;1276;3
4096;1277;3
4096;1278;3
4096;1279;3
4096;1280;3
4096;1281;3
4096;1282;3
4096;1283;3
4096;1284;3
4096;1285;3
4096;1286;3
4096;1287;3
4096;1288;3
4096;1289;3
4096;1290;3
4096;1291;3
4096;1292;3
4096;1293;3
4096;1294;3
4096;1295;3
4096;1296;3
4096;1297;3
4096;1298;3
4096;1299;3
4096;1300;3
4096;1301;3
4096;1302;3
4096;1303;3
4096;1304;3
4096;1305;3
4096;1306;3
4096;1307;3
4096;1308;3
4096;1309;3
4096;1310;3
4096;1311;3
4096;1312;3
4096;1313;3
4096;1314;3
4096;1315;3
4096;1316;3
4096;1317;3
4096;1318;3
4096;1319;3
4096;1320;3
4096;1321;3
4096;1322;3
4096;1323;3
4096;1324;3
4096;1325;3
4096;1326;3
4096;1327;3
4096;1328;3
4096;1329;3
4096;1330;3
4096;1331;3
4096;1332;3
4096;1333;3
4096;1334;3
4096;1335;3
4096;1336;3
4096;1337;3
4096;1338;3
4096;1339;3
4096;1340;3
4096;1341;3
4096;1342;3
4096;1343;3
4096;1344;3
4096;1345;3
4096;1346;3
4096;1347;3
4096;1348;3
4096;1349;3
4096;1350;3
4096;1351;3
4096;1352;3
4096;1353;3
4096;1354;3
4096;1355;3
4096;1356;3
4096;1357;3
4096;1358;3
4096;1359;3
4096;1360;3
4096;1361;3
4096;1362;3
4096;1363;3
4096;1364;3
4096;1365;3
4096;1366;3
4096;1367;3
4096;1368;3
4096;1369;3
4096;1370;3
4096;1371;3
4096;1372;3
4096;1373;3
4096;1374;3
4096;1375;3
4096;1376;3
4096;1377;3
4096;1378;3
4096;1379;3
4096;1380;3
4096;1381;3
4096;1382;3
4096;1383;3
4096;1384;3
4096;1385;3
4096;1386;3
4096;1387;3
4096;1388;3
4096;1389;3
4096;1390;3
4096;1391;3
4096;1392;3
4096;1393;3
4096;1394;3
4096;1395;3
4096;1396;3
4096;1397;3
4096;1398;3
4096;1399;3
4096;1400;3
4096;1401;3
4096;1402;3
4096;1403;3
4096;1404;3
4096;1405;3
4096;1406;3
4096;1407;3
4096;1408;3
4096;1409;3
4096;1410;3
4096;1411;3
4096;1412;3
4096;1413;3
4096;1414;3
4096;1415;3
4096;1416;3
4096;1417;3
4096;1418;3
4096;1419;3
4096;1420;3
4096;1421;3
4096;1422;3
4096;1423;3
4096;1424;3
4096;1425;3
4096;1426;3
4096;1427;3
4096;1428;3
4096;1429;3
4096;1430;3
4096;1431;3
4096;1432;3
4096;1433;3
4096;1434;3
4096;1435;3
4096;1436;3
4096;1437;3
4096;1438;3
4096;1439;3
4096;1440;3
4096;1441;3
4096;1442;3
4096;1443;3
4096;1444;3
4096;1445;3
4096;1446;3
4096;1447;3
4096;1448;3
4096;1449;3
4096;1450;3
4096;1451;3
4096;1452;3
4096;1453;3
4096;1454;3
4096;1455;3
4096;1456;3
4096;1457;3
4096;1458;3
4096;1459;3
4096;1460;3
4096;1461;3
4096;1462;3
4096;1463;3
4096;1464;3
4096;1465;3
4096;1466;3
4096;1467;3
4096;1468;3
4096;1469;3
4096;1470;3
4096;1471;3
4096;1472;3
4096;1473;3
4096;1474;3
4096;1475;3
4096;1476;3
4096;1477;3
4096;1478;3
4096;1479;3
4096;1480;3
4096;1481;3
4096;1482;3
4096;1483;3
4096;1484;3
4096;1485;3
4096;1486;3
4096;1487;3
4096;1488;3
4096;1489;3
4096;1490;3
4096;1491;3
4096;1492;3
4096;1493;3
4096;1494;3
4096;1495;3
4096;1496;3
4096;1497;3
4096;1498;3
4096;1499;3
4096;1500;3
4096;1501;3
4096;1502;3
4096;1503;3
4096;1504;3
4096;1505;3
4096;1506;3
4096;1507;3
4096;1508;3
4096;1509;3
4096;1510;3
4096;1511;3
4096;1512;3
4096;1513;3
4096;1514;3
4096;1515;3
4096;1516;3
4096;1517;3
4096;1518;3
4096;1519;3
4096;1520;3
4096;1521;3
4096;1522;3
4096;1523;3
4096;1524;3
4096;1525;3
4096;1526;3
4096;1527;3
4096;1528;3
4096;1529;3
4096;1530;3
4096;1531;3
4096;1532;3
4096;1533;3
4096;1534;3
4096;1535;3
4096;1536;3
4096;1537;4
4096;1538;4
4096;1539;4
4096;1540;4
4096;1541;4
4096;1542;4
4096;1543;4
4096;1544;4
4096;1545;4
4096;1546;4
4096;1547;4
4096;1548;4
4096;1549;4
4096;1550;4
4096;1551;4
4096;1552;4
4096;1553;4
4096;1554;4
4096;1555;4
4096;1556;4
4096;1557;4
4096;1558;4
4096;1559;4
4096;1560;4
4096;1561;4
4096;1562;4
4096;1563;4
4096;1564;4
4096;1565;4
4096;1566;4
4096;1567;4
4096;1568;4
4096;1569;4
4096;1570;4
4096;1571;4
4096;1572;4
4096;1573;4
4096;1574;4
4096;1575;4
4096;1576;4
4096;1577;4
4096;1578;4
4096;1579;4
4096;1580;4
4096;1581;4
4096;1582;4
4096;1583;4
4096;1584;4
4096;1585;4
4096;1586;4
4096;1587;4
4096;1588;4
4096;1589;4
4096;1590;4
4096;1591;4
4096;1592;4
4096;1593;4
4096;1594;4
4096;1595;4
4096;1596;4
4096;1597;4
4096;1598;4
4096;1599;4
4096;1600;4
4096;1601;4
4096;1602;4
4096;1603;4
4096;1604;4
4096;1605;4
4096;1606;4
4096;1607;4
4096;1608;4
4096;1609;4
4096;1610;4
4096;1611;4
4096;1612;4
4096;1613;4
4096;1614;4
4096;1615;4
4096;1616;4
4096;1617;4
4096;1618;4
4096;1619;4
4096;1620;4
4096;1621;4
4096;1622;4
4096;1623;4
4096;1624;4
4096;1625;4
4096;1626;4
4096;1627;4
4096;1628;4
4096;1629;4
4096;1630;4
4096;1631;4
4096;1632;4
4096;1633;4
4096;1634;4
4096;1635;4
4096;1636;4
4096;1637;4
4096;1638;4
4096;1639;4
4096;1640;4
4096;1641;4
4096;1642;4
4096;1643;4
4096;1644;4
4096;1645;4
4096;1646;4
4096;1647;4
4096;1648;4
4096;1649;4
4096;1650;4
4096;1651;4
4096;1652;4
4096;1653;4
4096;1654;4
4096;1655;4
4096;1656;4
4096;1657;4
4096;1658;4
4096;1659;4
4096;1660;4
4096;1661;4
4096;1662;4
4096;1663;4
4096;1664;4
4096;1665;4
4096;1666;4
4096;1667;4
4096;1668;4
4096;1669;4
4096;1670;4
4096;1671;4
4096;1672;4
4096;1673;4
4096;1674;4
4096;1675;4
4096;1676;4
4096;1677;4
4096;1678;4
4096;1679;4
4096;1680;4
4096;1681;4
4096;1682;4
4096;1683;4
4096;1684;4
4096;1685;4
4096;1686;4
4096;1687;4
4096;1688;4
4096;1689;4
4096;1690;4
4096;1691;4
4096;1692;4
4096;1693;4
4096;1694;4
4096;1695;4
4096;1696;4
4096;1697;4
4096;1698;4
4096;1699;4
4096;1700;4
4096;1701;4
4096;1702;4
4096;1703;4
4096;1704;4
4096;1705;4
4096;1706;4
4096;1707;4
4096;1708;4
4096;1709;4
4096;1710;4
4096;1711;4
4096;1712;4
4096;1713;4
4096;1714;4
4096;1715;4
4096;1716;4
4096;1717;4
4096;1718;4
4096;1719;4
4096;1720;4
4096;1721;4
4096;1722;4
4096;1723;4
4096;1724;4
4096;1725;4
4096;1726;4
4096;1727;4
4096;1728;4
4096;1729;4
4096;1730;4
4096;1731;4
4096;1732;4
4096;1733;4
4096;1734;4
4096;1735;4
4096;1736;4
4096;1737;4
4096;1738;4
4096;1739;4
4096;1740;4
4096;1741;4
4096;1742;4
4096;1743;4
4096;1744;4
4096;1745;4
4096;1746;4
4096;1747;4
4096;1748;4
4096;1749;4
4096;1750;4
4096;1751;4
4096;1752;4
4096;1753;4
4096;1754;4
4096;1755;4
4096;1756;4
4096;1757;4
4096;1758;4
4096;1759;4
4096;1760;4
4096;1761;4
4096;1762;4
4096;1763;4
4096;1764;4
4096;1765;4
4096;1766;4
4096;1767;4
4096;1768;4
4096;1769;4
4096;1770;4
4096;1771;4
4096;1772;4
4096;1773;4
4096;1774;4
4096;1775;4
4096;1776;4
4096;1777;4
4096;1778;4
4096;1779;4
4096;1780;4
4096;1781;4
4096;1782;4
4096;1783;4
4096;1784;4
4096;1785;4
4096;1786;4
4096;1787;4
4096;1788;4
4096;1789;4
4096;1790;4
4096;1791;4
4096;1792;4
4096;1793;4
4096;1794;4
4096;1795;4
4096;1796;4
4096;1797;4
4096;1798;4
4096;1799;4
4096;1800;4
4096;1801;4
4096;1802;4
4096;1803;4
4096;1804;4
4096;1805;4
4096;1806;4
4096;1807;4
4096;1808;4
4096;1809;4
4096;1810;4
4096;1811;4
4096;1812;4
4096;1813;4
4096;1814;4
4096;1815;4
4096;1816;4
4096;1817;4
4096;1818;4
4096;1819;4
4096;1820;4
4096;1821;4
4096;1822;4
4096;1823;4
4096;1824;4
4096;1825;4
4096;1826;4
4096;1827;4
4096;1828;4
4096;1829;4
4096;1830;4
4096;1831;4
4096;1832;4
4096;1833;4
4096;1834;4
4096;1835;4
4096;1836;4
4096;1837;4
4096;1838;4
4096;1839;4
4096;1840;4
4096;1841;4
4096;1842;4
4096;1843;4
4096;1844;4
4096;1845;4
4096;1846;4
4096;1847;4
4096;1848;4
4096;1849;4
4096;1850;4
4096;1851;4
4096;1852;4
4096;1853;4
4096;1854;4
4096;1855;4
4096;1856;4
4096;1857;4
4096;1858;4
4096;1859;4
4096;1860;4
4096;1861;4
4096;1862;4
4096;1863;4
4096;1864;4
4096;1865;4
4096;1866;4
4096;1867;4
4096;1868;4
4096;1869;4
4096;1870;4
4096;1871;4
4096;1872;4
4096;1873;4
4096;1874;4
4096;1875;4
4096;1876;4
4096;1877;4
4096;1878;4
4096;1879;4
4096;1880;4
4096;1881;4
4096;1882;4
4096;1883;4
4096;1884;4
4096;1885;4
4096;1886;4
4096;1887;4
4096;1888;4
4096;1889;4
4096;1890;4
4096;1891;4
4096;1892;4
4096;1893;4
4096;1894;4
4096;1895;4
4096;1896;4
4096;1897;4
4096;1898;4
4096;1899;4
4096;1900;4
4096;1901;4
4096;1902;4
4096;1903;4
4096;1904;4
4096;1905;4
4096;1906;4
4096;1907;4
4096;1908;4
4096;1909;4
4096;1910;4
4096;1911;4
4096;1912;4
4096;1913;4
4096;1914;4
4096;1915;4
4096;1916;4
4096;1917;4
4096;1918;4
4096;1919;4
4096;1920;4
4096;1921;4
4096;1922;4
4096;1923;4
4096;1924;4
4096;1925;4
4096;1926;4
4096;1927;4
4096;1928;4
4096;1929;4
4096;1930;4
4096;1931;4
4096;1932;4
4096;1933;4
4096;1934;4
4096;1935;4
4096;1936;4
4096;1937;4
4096;1938;4
4096;1939;4
4096;1940;4
4096;1941;4
4096;1942;4
4096;1943;4
4096;1944;4
4096;1945;4
4096;1946;4
4096;1947;4
4096;1948;4
4096;1949;4
4096;1950;4
4096;1951;4
4096;1952;4
4096;1953;4
4096;1954;4
4096;1955;4
4096;1956;4
4096;1957;4
4096;1958;4
4096;1959;4
4096;1960;4
4096;1961;4
4096;1962;4
4096;1963;4
4096;1964;4
4096;1965;4
4096;1966;4
4096;1967;4
4096;1968;4
4096;1969;4
4096;1970;4
4096;1971;4
4096;1972;4
4096;1973;4
4096;1974;4
4096;1975;4
4096;1976;4
4096;1977;4
4096;1978;4
4096;1979;4
4096;1980;4
4096;1981;4
4096;1982;4
4096;1983;4
4096;1984;4
4096;1985;4
4096;1986;4
4096;1987;4
4096;1988;4
4096;1989;4
4096;1990;4
4096;1991;4
4096;1992;4
4096;1993;4
4096;1994;4
4096;1995;4
4096;1996;4
4096;1997;4
4096;1998;4
4096;1999;4
4096;2000;4
4096;2001;4
4096;2002;4
4096;2003;4
4096;2004;4
4096;2005;4
4096;2006;4
4096;2007;4
4096;2008;4
4096;2009;4
4096;2010;4
4096;2011;4
4096;2012;4
4096;2013;4
4096;2014;4
4096;2015;4
4096;2016;4
4096;2017;4
4096;2018;4
4096;2019;4
4096;2020;4
4096;2021;4
4096;2022;4
4096;2023;4
4096;2024;4
4096;2025;4
4096;2026;4
4096;2027;4
4096;2028;4
4096;2029;4
4096;2030;4
4096;2031;4
4096;2032;4
4096;2033;4
4096;2034;4
4096;2035;4
4096;2036;4
4096;2037;4
4096;2038;4
4096;2039;4
4096;2040;4
4096;2041;4
4096;2042;4
4096;2043;4
4096;2044;4
4096;2045;4
4096;2046;4
4096;2047;4
4096;2048;4
4096;2049;5
4096;2050;5
4096;2051;5
4096;2052;5
4096;2053;5
4096;2054;5
4096;2055;5
4096;2056;5
4096;2057;5
4096;2058;5
4096;2059;5
4096;2060;5
4096;2061;5
4096;2062;5
4096;2063;5
4096;2064;5
4096;2065;5
4096;2066;5
4096;2067;5
4096;2068;5
4096;2069;5
4096;2070;5
4096;2071;5
4096;2072;5
4096;2073;5
4096;2074;5
4096;2075;5
4096;2076;5
4096;2077;5
4096;2078;5
4096;2079;5
4096;2080;5
4096;2081;5
4096;2082;5
4096;2083;5
4096;2084;5
4096;2085;5
4096;2086;5
4096;2087;5
4096;2088;5
4096;2089;5
4096;2090;5
4096;2091;5
4096;2092;5
4096;2093;5
4096;2094;5
4096;2095;5
4096;2096;5
4096;2097;5
4096;2098;5
4096;2099;5
4096;2100;5
4096;2101;5
4096;2102;5
4096;2103;5
4096;2104;5
4096;2105;5
4096;2106;5
4096;2107;5
4096;2108;5
4096;2109;5
4096;2110;5
4096;2111;5
4096;2112;5
4096;2113;5
4096;2114;5
4096;2115;5
4096;2116;5
4096;2117;5
4096;2118;5
4096;2119;5
4096;2120;5
4096;2121;5
4096;2122;5
4096;2123;5
4096;2124;5
4096;2125;5
4096;2126;5
4096;2127;5
4096;2128;5
4096;2129;5
4096;2130;5
4096;2131;5
4096;2132;5
4096;2133;5
4096;2134;5
4096;2135;5
4096;2136;5
4096;2137;5
4096;2138;5
4096;2139;5
4096;2140;5
4096;2141;5
4096;2142;5
4096;2143;5
4096;2144;5
4096;2145;5
4096;2146;5
4096;2147;5
4096;2148;5
4096;2149;5
4096;2150;5
4096;2151;5
4096;2152;5
4096;2153;5
4096;2154;5
4096;2155;5
4096;2156;5
4096;2157;5
4096;2158;5
4096;2159;5
4096;2160;5
4096;2161;5
4096;2162;5
4096;2163;5
4096;2164;5
4096;2165;5
4096;2166;5
4096;2167;5
4096;2168;5
4096;2169;5
4096;2170;5
4096;2171;5
4096;2172;5
4096;2173;5
4096;2174;5
4096;2175;5
4096;2176;5
4096;2177;5
4096;2178;5
4096;2179;5
4096;2180;5
4096;2181;5
4096;2182;5
4096;2183;5
4096;2184;5
4096;2185;5
4096;2186;5
4096;2187;5
4096;2188;5
4096;2189;5
4096;2190;5
4096;2191;5
4096;2192;5
4096;2193;5
4096;2194;5
4096;2195;5
4096;2196;5
4096;2197;5
4096;2198;5
4096;2199;5
4096;2200;5
4096;2201;5
4096;2202;5
4096;2203;5
4096;2204;5
4096;2205;5
4096;2206;5
4096;2207;5
4096;2208;5
4096;2209;5
4096;2210;5
4096;2211;5
4096;2212;5
4096;2213;5
4096;2214;5
4096;2215;5
4096;2216;5
4096;2217;5
4096;2218;5
4096;2219;5
4096;2220;5
4096;2221;5
4096;2222;5
4096;2223;5
4096;2224;5
4096;2225;5
4096;2226;5
4096;2227;5
4096;2228;5
4096;2229;5
4096;2230;5
4096;2231;5
4096;2232;5
4096;2233;5
4096;2234;5
4096;2235;5
4096;2236;5
4096;2237;5
4096;2238;5
4096;2239;5
4096;2240;5
4096;2241;5
4096;2242;5
4096;2243;5
4096;2244;5
4096;2245;5
4096;2246;5
4096;2247;5
4096;2248;5
4096;2249;5
4096;2250;5
4096;2251;5
4096;2252;5
4096;2253;5
4096;2254;5
4096;2255;5
4096;2256;5
4096;2257;5
4096;2258;5
4096;2259;5
4096;2260;5
4096;2261;5
4096;2262;5
4096;2263;5
4096;2264;5
4096;2265;5
4096;2266;5
4096;2267;5
4096;2268;5
4096;2269;5
4096;2270;5
4096;2271;5
4096;2272;5
4096;2273;5
4096;2274;5
4096;2275;5
4096;2276;5
4096;2277;5
4096;2278;5
4096;2279;5
4096;2280;5
4096;2281;5
4096;2282;5
4096;2283;5
4096;2284;5
4096;2285;5
4096;2286;5
4096;2287;5
4096;2288;5
4096;2289;5
4096;2290;5
4096;2291;5
4096;2292;5
4096;2293;5
4096;2294;5
4096;2295;5
4096;2296;5
4096;2297;5
4096;2298;5
4096;2299;5
4096;2300;5
4096;2301;5
4096;2302;5
4096;2303;5
4096;2304;5
4096;2305;5
4096;2306;5
4096;2307;5
4096;2308;5
4096;2309;5
4096;2310;5
4096;2311;5
4096;2312;5
4096;2313;5
4096;2314;5
4096;2315;5
4096;2316;5
4096;2317;5
4096;2318;5
4096;2319;5
4096;2320;5
4096;2321;5
4096;2322;5
4096;2323;5
4096;2324;5
4096;2325;5
4096;2326;5
4096;2327;5
4096;2328;5
4096;2329;5
4096;2330;5
4096;2331;5
4096;2332;5
4096;2333;5
4096;2334;5
4096;2335;5
4096;2336;5
4096;2337;5
4096;2338;5
4096;2339;5
4096;2340;5
4096;2341;5
4096;2342;5
4096;2343;5
4096;2344;5
4096;2345;5
4096;2346;5
4096;2347;5
4096;2348;5
4096;2349;5
4096;2350;5
4096;2351;5
4096;2352;5
4096;2353;5
4096;2354;5
4096;2355;5
4096;2356;5
4096;2357;5
4096;2358;5
4096;2359;5
4096;2360;5
4096;2361;5
4096;2362;5
4096;2363;5
4096;2364;5
4096;2365;5
4096;2366;5
4096;2367;5
4096;2368;5
4096;2369;5
4096;2370;5
4096;2371;5
4096;2372;5
4096;2373;5
4096;2374;5
4096;2375;5
4096;2376;5
4096;2377;5
4096;2378;5
4096;2379;5
4096;2380;5
4096;2381;5
4096;2382;5
4096;2383;5
4096;2384;5
4096;2385;5
4096;2386;5
4096;2387;5
4096;2388;5
4096;2389;5
4096;2390;5
4096;2391;5
4096;2392;5
4096;2393;5
4096;2394;5
4096;2395;5
4096;2396;5
4096;2397;5
4096;2398;5
4096;2399;5
4096;2400;5
4096;2401;5
4096;2402;5
4096;2403;5
4096;2404;5
4096;2405;5
4096;2406;5
4096;2407;5
4096;2408;5
4096;2409;5
4096;2410;5
4096;2411;5
4096;2412;5
4096;2413;5
4096;2414;5
4096;2415;5
4096;2416;5
4096;2417;5
4096;2418;5
4096;2419;5
4096;2420;5
4096;2421;5
4096;2422;5
4096;2423;5
4096;2424;5
4096;2425;5
4096;2426;5
4096;2427;5
4096;2428;5
4096;2429;5
4096;2430;5
4096;2431;5
4096;2432;5
4096;2433;5
4096;2434;5
4096;2435;5
4096;2436;5
4096;2437;5
4096;2438;5
4096;2439;5
4096;2440;5
4096;2441;5
4096;2442;5
4096;2443;5
4096;2444;5
4096;2445;5
4096;2446;5
4096;2447;5
4096;2448;5
4096;2449;5
4096;2450;5
4096;2451;5
4096;2452;5
4096;2453;5
4096;2454;5
4096;2455;5
4096;2456;5
4096;2457;5
4096;2458;5
4096;2459;5
4096;2460;5
4096;2461;5
4096;2462;5
4096;2463;5
4096;2464;5
4096;2465;5
4096;2466;5
4096;2467;5
4096;2468;5
4096;2469;5
4096;2470;5
4096;2471;5
4096;2472;5
4096;2473;5
4096;2474;5
4096;2475;5
4096;2476;5
4096;2477;5
4096;2478;5
4096;2479;5
4096;2480;5
4096;2481;5
4096;2482;5
4096;2483;5
4096;2484;5
4096;2485;5
4096;2486;5
4096;2487;5
4096;2488;5
4096;2489;5
4096;2490;5
4096;2491;5
4096;2492;5
4096;2493;5
4096;2494;5
4096;2495;5
4096;2496;5
4096;2497;5
4096;2498;5
4096;2499;5
4096;2500;5
4096;2501;5
4096;2502;5
4096;2503;5
4096;2504;5
4096;2505;5
4096;2506;5
4096;2507;5
4096;2508;5
4096;2509;5
4096;2510;5
4096;2511;5
4096;2512;5
4096;2513;5
4096;2514;5
4096;2515;5
4096;2516;5
4096;2517;5
4096;2518;5
4096;2519;5
4096;2520;5
4096;2521;5
4096;2522;5
4096;2523;5
4096;2524;5
4096;2525;5
4096;2526;5
4096;2527;5
4096;2528;5
4096;2529;5
4096;2530;5
4096;2531;5
4096;2532;5
4096;2533;5
4096;2534;5
4096;2535;5
4096;2536;5
4096;2537;5
4096;2538;5
4096;2539;5
4096;2540;5
4096;2541;5
4096;2542;5
4096;2543;5
4096;2544;5
4096;2545;5
4096;2546;5
4096;2547;5
4096;2548;5
4096;2549;5
4096;2550;5
4096;2551;5
4096;2552;5
4096;2553;5
4096;2554;5
4096;2555;5
4096;2556;5
4096;2557;5
4096;2558;5
4096;2559;5
4096;2560;5
4096;2561;6
4096;2562;6
4096;2563;6
4096;2564;6
4096;2565;6
4096;2566;6
4096;2567;6
4096;2568;6
4096;2569;6
4096;2570;6
4096;2571;6
4096;2572;6
4096;2573;6
4096;2574;6
4096;2575;6
4096;2576;6
4096;2577;6
4096;2578;6
4096;2579;6
4096;2580;6
4096;2581;6
4096;2582;6
4096;2583;6
4096;2584;6
4096;2585;6
4096;2586;6
4096;2587;6
4096;2588;6
4096;2589;6
4096;2590;6
4096;2591;6
4096;2592;6
4096;2593;6
4096;2594;6
4096;2595;6
4096;2596;6
4096;2597;6
4096;2598;6
4096;2599;6
4096;2600;6
4096;2601;6
4096;2602;6
4096;2603;6
4096;2604;6
4096;2605;6
4096;2606;6
4096;2607;6
4096;2608;6
4096;2609;6
4096;2610;6
4096;2611;6
4096;2612;6
4096;2613;6
4096;2614;6
4096;2615;6
4096;2616;6
4096;2617;6
4096;2618;6
4096;2619;6
4096;2620;6
4096;2621;6
4096;2622;6
4096;2623;6
4096;2624;6
4096;2625;6
4096;2626;6
4096;2627;6
4096;2628;6
4096;2629;6
4096;2630;6
4096;2631;6
4096;2632;6
4096;2633;6
4096;2634;6
4096;2635;6
4096;2636;6
4096;2637;6
4096;2638;6
4096;2639;6
4096;2640;6
4096;2641;6
4096;2642;6
4096;2643;6
4096;2644;6
4096;2645;6
4096;2646;6
4096;2647;6
4096;2648;6
4096;2649;6
4096;2650;6
4096;2651;6
4096;2652;6
4096;2653;6
4096;2654;6
4096;2655;6
4096;2656;6
4096;2657;6
4096;2658;6
4096;2659;6
4096;2660;6
4096;2661;6
4096;2662;6
4096;2663;6
4096;2664;6
4096;2665;6
4096;2666;6
4096;2667;6
4096;2668;6
4096;2669;6
4096;2670;6
4096;2671;6
4096;2672;6
4096;2673;6
4096;2674;6
4096;2675;6
4096;2676;6
4096;2677;6
4096;2678;6
4096;2679;6
4096;2680;6
4096;2681;6
4096;2682;6
4096;2683;6
4096;2684;6
4096;2685;6
4096;2686;6
4096;2687;6
4096;2688;6
4096;2689;6
4096;2690;6
4096;2691;6
4096;2692;6
4096;2693;6
4096;2694;6
4096;2695;6
4096;2696;6
4096;2697;6
4096;2698;6
4096;2699;6
4096;2700;6
4096;2701;6
4096;2702;6
4096;2703;6
4096;2704;6
4096;2705;6
4096;2706;6
4096;2707;6
4096;2708;6
4096;2709;6
4096;2710;6
4096;2711;6
4096;2712;6
4096;2713;6
4096;2714;6
4096;2715;6
4096;2716;6
4096;2717;6
4096;2718;6
4096;2719;6
4096;2720;6
4096;2721;6
4096;2722;6
4096;2723;6
4096;2724;6
4096;2725;6
4096;2726;6
4096;2727;6
4096;2728;6
4096;2729;6
4096;2730;6
4096;2731;6
4096;2732;6
4096;2733;6
4096;2734;6
4096;2735;6
4096;2736;6
4096;2737;6
4096;2738;6
4096;2739;6
4096;2740;6
4096;2741;6
4096;2742;6
4096;2743;6
4096;2744;6
4096;2745;6
4096;2746;6
4096;2747;6
4096;2748;6
4096;2749;6
4096;2750;6
4096;2751;6
4096;2752;6
4096;2753;6
4096;2754;6
4096;2755;6
4096;2756;6
4096;2757;6
4096;2758;6
4096;2759;6
4096;2760;6
4096;2761;6
4096;2762;6
4096;2763;6
4096;2764;6
4096;2765;6
4096;2766;6
4096;2767;6
4096;2768;6
4096;2769;6
4096;2770;6
4096;2771;6
4096;2772;6
4096;2773;6
4096;2774;6
4096;2775;6
4096;2776;6
4096;2777;6
4096;2778;6
4096;2779;6
4096;2780;6
4096;2781;6
4096;2782;6
4096;2783;6
4096;2784;6
4096;2785;6
4096;2786;6
4096;2787;6
4096;2788;6
4096;2789;6
4096;2790;6
4096;2791;6
4096;2792;6
4096;2793;6
4096;2794;6
4096;2795;6
4096;2796;6
4096;2797;6
4096;2798;6
4096;2799;6
4096;2800;6
4096;2801;6
4096;2802;6
4096;2803;6
4096;2804;6
4096;2805;6
4096;2806;6
4096;2807;6
4096;2808;6
4096;2809;6
4096;2810;6
4096;2811;6
4096;2812;6
4096;2813;6
4096;2814;6
4096;2815;6
4096;2816;6
4096;2817;6
4096;2818;6
4096;2819;6
4096;2820;6
4096;2821;6
4096;2822;6
4096;2823;6
4096;2824;6
4096;2825;6
4096;2826;6
4096;2827;6
4096;2828;6
4096;2829;6
4096;2830;6
4096;2831;6
4096;2832;6
4096;2833;6
4096;2834;6
4096;2835;6
4096;2836;6
4096;2837;6
4096;2838;6
4096;2839;6
4096;2840;6
4096;2841;6
4096;2842;6
4096;2843;6
4096;2844;6
4096;2845;6
4096;2846;6
4096;2847;6
4096;2848;6
4096;2849;6
4096;2850;6
4096;2851;6
4096;2852;6
4096;2853;6
4096;2854;6
4096;2855;6
4096;2856;6
4096;2857;6
4096;2858;6
4096;2859;6
4096;2860;6
4096;2861;6
4096;2862;6
4096;2863;6
4096;2864;6
4096;2865;6
4096;2866;6
4096;2867;6
4096;2868;6
4096;2869;6
4096;2870;6
4096;2871;6
4096;2872;6
4096;2873;6
4096;2874;6
4096;2875;6
4096;2876;6
4096;2877;6
4096;2878;6
4096;2879;6
4096;2880;6
4096;2881;6
4096;2882;6
4096;2883;6
4096;2884;6
4096;2885;6
4096;2886;6
4096;2887;6
4096;2888;6
4096;2889;6
4096;2890;6
4096;2891;6
4096;2892;6
4096;2893;6
4096;2894;6
4096;2895;6
4096;2896;6
4096;2897;6
4096;2898;6
4096;2899;6
4096;2900;6
4096;2901;6
4096;2902;6
4096;2903;6
4096;2904;6
4096;2905;6
4096;2906;6
4096;2907;6
4096;2908;6
4096;2909;6
4096;2910;6
4096;2911;6
4096;2912;6
4096;2913;6
4096;2914;6
4096;2915;6
4096;2916;6
4096;2917;6
4096;2918;6
4096;2919;6
4096;2920;6
4096;2921;6
4096;2922;6
4096;2923;6
4096;2924;6
4096;2925;6
4096;2926;6
4096;2927;6
4096;2928;6
4096;2929;6
4096;2930;6
4096;2931;6
4096;2932;6
4096;2933;6
4096;2934;6
4096;2935;6
4096;2936;6
4096;2937;6
4096;2938;6
4096;2939;6
4096;2940;6
4096;2941;6
4096;2942;6
4096;2943;6
4096;2944;6
4096;2945;6
4096;2946;6
4096;2947;6
4096;2948;6
4096;2949;6
4096;2950;6
4096;2951;6
4096;2952;6
4096;2953;6
4096;2954;6
4096;2955;6
4096;2956;6
4096;2957;6
4096;2958;6
4096;2959;6
4096;2960;6
4096;2961;6
4096;2962;6
4096;2963;6
4096;2964;6
4096;2965;6
4096;2966;6
4096;2967;6
4096;2968;6
4096;2969;6
4096;2970;6
4096;2971;6
4096;2972;6
4096;2973;6
4096;2974;6
4096;2975;6
4096;2976;6
4096;2977;6
4096;2978;6
4096;2979;6
4096;2980;6
4096;2981;6
4096;2982;6
4096;2983;6
4096;2984;6
4096;2985;6
4096;2986;6
4096;2987;6
4096;2988;6
4096;2989;6
4096;2990;6
4096;2991;6
4096;2992;6
4096;2993;6
4096;2994;6
4096;2995;6
4096;2996;6
4096;2997;6
4096;2998;6
4096;2999;6
4096;3000;6
4096;3001;6
4096;3002;6
4096;3003;6
4096;3004;6
4096;3005;6
4096;3006;6
4096;3007;6
4096;3008;6
4096;3009;6
4096;3010;6
4096;3011;6
4096;3012;6
4096;3013;6
4096;3014;6
4096;3015;6
4096;3016;6
4096;3017;6
4096;3018;6
4096;3019;6
4096;3020;6
4096;3021;6
4096;3022;6
4096;3023;6
4096;3024;6
4096;3025;6
4096;3026;6
4096;3027;6
4096;3028;6
4096;3029;6
4096;3030;6
4096;3031;6
4096;3032;6
4096;3033;6
4096;3034;6
4096;3035;6
4096;3036;6
4096;3037;6
4096;3038;6
4096;3039;6
4096;3040;6
4096;3041;6
4096;3042;6
4096;3043;6
4096;3044;6
4096;3045;6
4096;3046;6
4096;3047;6
4096;3048;6
4096;3049;6
4096;3050;6
4096;3051;6
4096;3052;6
4096;3053;6
4096;3054;6
4096;3055;6
4096;3056;6
4096;3057;6
4096;3058;6
4096;3059;6
4096;3060;6
4096;3061;6
4096;3062;6
4096;3063;6
4096;3064;6
4096;3065;6
4096;3066;6
4096;3067;6
4096;3068;6
4096;3069;6
4096;3070;6
4096;3071;6
4096;3072;6
4096;3073;7
4096;3074;7
4096;3075;7
4096;3076;7
4096;3077;7
4096;3078;7
4096;3079;7
4096;3080;7
4096;3081;7
4096;3082;7
4096;3083;7
4096;3084;7
4096;3085;7
4096;3086;7
4096;3087;7
4096;3088;7
4096;3089;7
4096;3090;7
4096;3091;7
4096;3092;7
4096;3093;7
4096;3094;7
4096;3095;7
4096;3096;7
4096;3097;7
4096;3098;7
4096;3099;7
4096;3100;7
4096;3101;7
4096;3102;7
4096;3103;7
4096;3104;7
4096;3105;7
4096;3106;7
4096;3107;7
4096;3108;7
4096;3109;7
4096;3110;7
4096;3111;7
4096;3112;7
4096;3113;7
4096;3114;7
4096;3115;7
4096;3116;7
4096;3117;7
4096;3118;7
4096;3119;7
4096;3120;7
4096;3121;7
4096;3122;7
4096;3123;7
4096;3124;7
4096;3125;7
4096;3126;7
4096;3127;7
4096;3128;7
4096;3129;7
4096;3130;7
4096;3131;7
4096;3132;7
4096;3133;7
4096;3134;7
4096;3135;7
4096;3136;7
4096;3137;7
4096;3138;7
4096;3139;7
4096;3140;7
4096;3141;7
4096;3142;7
4096;3143;7
4096;3144;7
4096;3145;7
4096;3146;7
4096;3147;7
4096;3148;7
4096;3149;7
4096;3150;7
4096;3151;7
4096;3152;7
4096;3153;7
4096;3154;7
4096;3155;7
4096;3156;7
4096;3157;7
4096;3158;7
4096;3159;7
4096;3160;7
4096;3161;7
4096;3162;7
4096;3163;7
4096;3164;7
4096;3165;7
4096;3166;7
4096;3167;7
4096;3168;7
4096;3169;7
4096;3170;7
4096;3171;7
4096;3172;7
4096;3173;7
4096;3174;7
4096;3175;7
4096;3176;7
4096;3177;7
4096;3178;7
4096;3179;7
4096;3180;7
4096;3181;7
4096;3182;7
4096;3183;7
4096;3184;7
4096;3185;7
4096;3186;7
4096;3187;7
4096;3188;7
4096;3189;7
4096;3190;7
4096;3191;7
4096;3192;7
4096;3193;7
4096;3194;7
4096;3195;7
4096;3196;7
4096;3197;7
4096;3198;7
4096;3199;7
4096;3200;7
4096;3201;7
4096;3202;7
4096;3203;7
4096;3204;7
4096;3205;7
4096;3206;7
4096;3207;7
4096;3208;7
4096;3209;7
4096;3210;7
4096;3211;7
4096;3212;7
4096;3213;7
4096;3214;7
4096;3215;7
4096;3216;7
4096;3217;7
4096;3218;7
4096;3219;7
4096;3220;7
4096;3221;7
4096;3222;7
4096;3223;7
4096;3224;7
4096;3225;7
4096;3226;7
4096;3227;7
4096;3228;7
4096;3229;7
4096;3230;7
4096;3231;7
4096;3232;7
4096;3233;7
4096;3234;7
4096;3235;7
4096;3236;7
4096;3237;7
4096;3238;7
4096;3239;7
4096;3240;7
4096;3241;7
4096;3242;7
4096;3243;7
4096;3244;7
4096;3245;7
4096;3246;7
4096;3247;7
4096;3248;7
4096;3249;7
4096;3250;7
4096;3251;7
4096;3252;7
4096;3253;7
4096;3254;7
4096;3255;7
4096;3256;7
4096;3257;7
4096;3258;7
4096;3259;7
4096;3260;7
4096;3261;7
4096;3262;7
4096;3263;7
4096;3264;7
4096;3265;7
4096;3266;7
4096;3267;7
4096;3268;7
4096;3269;7
4096;3270;7
4096;3271;7
4096;3272;7
4096;3273;7
4096;3274;7
4096;3275;7
4096;3276;7
4096;3277;7
4096;3278;7
4096;3279;7
4096;3280;7
4096;3281;7
4096;3282;7
4096;3283;7
4096;3284;7
4096;3285;7
4096;3286;7
4096;3287;7
4096;3288;7
4096;3289;7
4096;3290;7
4096;3291;7
4096;3292;7
4096;3293;7
4096;3294;7
4096;3295;7
4096;3296;7
4096;3297;7
4096;3298;7
4096;3299;7
4096;3300;7
4096;3301;7
4096;3302;7
4096;3303;7
4096;3304;7
4096;3305;7
4096;3306;7
4096;3307;7
4096;3308;7
4096;3309;7
4096;3310;7
4096;3311;7
4096;3312;7
4096;3313;7
4096;3314;7
4096;3315;7
4096;3316;7
4096;3317;7
4096;3318;7
4096;3319;7
4096;3320;7
4096;3321;7
4096;3322;7
4096;3323;7
4096;3324;7
4096;3325;7
4096;3326;7
4096;3327;7
4096;3328;7
4096;3329;7
4096;3330;7
4096;3331;7
4096;3332;7
4096;3333;7
4096;3334;7
4096;3335;7
4096;3336;7
4096;3337;7
4096;3338;7
4096;3339;7
4096;3340;7
4096;3341;7
4096;3342;7
4096;3343;7
4096;3344;7
4096;3345;7
4096;3346;7
4096;3347;7
4096;3348;7
4096;3349;7
4096;3350;7
4096;3351;7
4096;3352;7
4096;3353;7
4096;3354;7
4096;3355;7
4096;3356;7
4096;3357;7
4096;3358;7
4096;3359;7
4096;3360;7
4096;3361;7
4096;3362;7
4096;3363;7
4096;3364;7
4096;3365;7
4096;3366;7
4096;3367;7
4096;3368;7
4096;3369;7
4096;3370;7
4096;3371;7
4096;3372;7
4096;3373;7
4096;3374;7
4096;3375;7
4096;3376;7
4096;3377;7
4096;3378;7
4096;3379;7
4096;3380;7
4096;3381;7
4096;3382;7
4096;3383;7
4096;3384;7
4096;3385;7
4096;3386;7
4096;3387;7
4096;3388;7
4096;3389;7
4096;3390;7
4096;3391;7
4096;3392;7
4096;3393;7
4096;3394;7
4096;3395;7
4096;3396;7
4096;3397;7
4096;3398;7
4096;3399;7
4096;3400;7
4096;3401;7
4096;3402;7
4096;3403;7
4096;3404;7
4096;3405;7
4096;3406;7
4096;3407;7
4096;3408;7
4096;3409;7
4096;3410;7
4096;3411;7
4096;3412;7
4096;3413;7
4096;3414;7
4096;3415;7
4096;3416;7
4096;3417;7
4096;3418;7
4096;3419;7
4096;3420;7
4096;3421;7
4096;3422;7
4096;3423;7
4096;3424;7
4096;3425;7
4096;3426;7
4096;3427;7
4096;3428;7
4096;3429;7
4096;3430;7
4096;3431;7
4096;3432;7
4096;3433;7
4096;3434;7
4096;3435;7
4096;3436;7
4096;3437;7
4096;3438;7
4096;3439;7
4096;3440;7
4096;3441;7
4096;3442;7
4096;3443;7
4096;3444;7
4096;3445;7
4096;3446;7
4096;3447;7
4096;3448;7
4096;3449;7
4096;3450;7
4096;3451;7
4096;3452;7
4096;3453;7
4096;3454;7
4096;3455;7
4096;3456;7
4096;3457;7
4096;3458;7
4096;3459;7
4096;3460;7
4096;3461;7
4096;3462;7
4096;3463;7
4096;3464;7
4096;3465;7
4096;3466;7
4096;3467;7
4096;3468;7
4096;3469;7
4096;3470;7
4096;3471;7
4096;3472;7
4096;3473;7
4096;3474;7
4096;3475;7
4096;3476;7
4096;3477;7
4096;3478;7
4096;3479;7
4096;3480;7
4096;3481;7
4096;3482;7
4096;3483;7
4096;3484;7
4096;3485;7
4096;3486;7
4096;3487;7
4096;3488;7
4096;3489;7
4096;3490;7
4096;3491;7
4096;3492;7
4096;3493;7
4096;3494;7
4096;3495;7
4096;3496;7
4096;3497;7
4096;3498;7
4096;3499;7
4096;3500;7
4096;3501;7
4096;3502;7
4096;3503;7
4096;3504;7
4096;3505;7
4096;3506;7
4096;3507;7
4096;3508;7
4096;3509;7
4096;3510;7
4096;3511;7
4096;3512;7
4096;3513;7
4096;3514;7
4096;3515;7
4096;3516;7
4096;3517;7
4096;3518;7
4096;3519;7
4096;3520;7
4096;3521;7
4096;3522;7
4096;3523;7
4096;3524;7
4096;3525;7
4096;3526;7
4096;3527;7
4096;3528;7
4096;3529;7
4096;3530;7
4096;3531;7
4096;3532;7
4096;3533;7
4096;3534;7
4096;3535;7
4096;3536;7
4096;3537;7
4096;3538;7
4096;3539;7
4096;3540;7
4096;3541;7
4096;3542;7
4096;3543;7
4096;3544;7
4096;3545;7
4096;3546;7
4096;3547;7
4096;3548;7
4096;3549;7
4096;3550;7
4096;3551;7
4096;3552;7
4096;3553;7
4096;3554;7
4096;3555;7
4096;3556;7
4096;3557;7
4096;3558;7
4096;3559;7
4096;3560;7
4096;3561;7
4096;3562;7
4096;3563;7
4096;3564;7
4096;3565;7
4096;3566;7
4096;3567;7
4096;3568;7
4096;3569;7
4096;3570;7
4096;3571;7
4096;3572;7
4096;3573;7
4096;3574;7
4096;3575;7
4096;3576;7
4096;3577;7
4096;3578;7
4096;3579;7
4096;3580;7
4096;3581;7
4096;3582;7
4096;3583;7
4096;3584;7
4096;3585;8
4096;3586;8
4096;3587;8
4096;3588;8
4096;3589;8
4096;3590;8
4096;3591;8
4096;3592;8
4096;3593;8
4096;3594;8
4096;3595;8
4096;3596;8
4096;3597;8
4096;3598;8
4096;3599;8
4096;3600;8
4096;3601;8
4096;3602;8
4096;3603;8
4096;3604;8
4096;3605;8
4096;3606;8
4096;3607;8
4096;3608;8
4096;3609;8
4096;3610;8
4096;3611;8
4096;3612;8
4096;3613;8
4096;3614;8
4096;3615;8
4096;3616;8
4096;3617;8
4096;3618;8
4096;3619;8
4096;3620;8
4096;3621;8
4096;3622;8
4096;3623;8
4096;3624;8
4096;3625;8
4096;3626;8
4096;3627;8
4096;3628;8
4096;3629;8
4096;3630;8
4096;3631;8
4096;3632;8
4096;3633;8
4096;3634;8
4096;3635;8
4096;3636;8
4096;3637;8
4096;3638;8
4096;3639;8
4096;3640;8
4096;3641;8
4096;3642;8
4096;3643;8
4096;3644;8
4096;3645;8
4096;3646;8
4096;3647;8
4096;3648;8
4096;3649;8
4096;3650;8
4096;3651;8
4096;3652;8
4096;3653;8
4096;3654;8
4096;3655;8
4096;3656;8
4096;3657;8
4096;3658;8
4096;3659;8
4096;3660;8
4096;3661;8
4096;3662;8
4096;3663;8
4096;3664;8
4096;3665;8
4096;3666;8
4096;3667;8
4096;3668;8
4096;3669;8
4096;3670;8
4096;3671;8
4096;3672;8
4096;3673;8
4096;3674;8
4096;3675;8
4096;3676;8
4096;3677;8
4096;3678;8
4096;3679;8
4096;3680;8
4096;3681;8
4096;3682;8
4096;3683;8
4096;3684;8
4096;3685;8
4096;3686;8
4096;3687;8
4096;3688;8
4096;3689;8
4096;3690;8
4096;3691;8
4096;3692;8
4096;3693;8
4096;3694;8
4096;3695;8
4096;3696;8
4096;3697;8
4096;3698;8
4096;3699;8
4096;3700;8
4096;3701;8
4096;3702;8
4096;3703;8
4096;3704;8
4096;3705;8
4096;3706;8
4096;3707;8
4096;3708;8
4096;3709;8
4096;3710;8
4096;3711;8
4096;3712;8
4096;3713;8
4096;3714;8
4096;3715;8
4096;3716;8
4096;3717;8
4096;3718;8
4096;3719;8
4096;3720;8
4096;3721;8
4096;3722;8
4096;3723;8
4096;3724;8
4096;3725;8
4096;3726;8
4096;3727;8
4096;3728;8
4096;3729;8
4096;3730;8
4096;3731;8
4096;3732;8
4096;3733;8
4096;3734;8
4096;3735;8
4096;3736;8
4096;3737;8
4096;3738;8
4096;3739;8
4096;3740;8
4096;3741;8
4096;3742;8
4096;3743;8
4096;3744;8
4096;3745;8
4096;3746;8
4096;3747;8
4096;3748;8
4096;3749;8
4096;3750;8
4096;3751;8
4096;3752;8
4096;3753;8
4096;3754;8
4096;3755;8
4096;3756;8
4096;3757;8
4096;3758;8
4096;3759;8
4096;3760;8
4096;3761;8
4096;3762;8
4096;3763;8
4096;3764;8
4096;3765;8
4096;3766;8
4096;3767;8
4096;3768;8
4096;3769;8
4096;3770;8
4096;3771;8
4096;3772;8
4096;3773;8
4096;3774;8
4096;3775;8
4096;3776;8
4096;3777;8
4096;3778;8
4096;3779;8
4096;3780;8
4096;3781;8
4096;3782;8
4096;3783;8
4096;3784;8
4096;3785;8
4096;3786;8
4096;3787;8
4096;3788;8
4096;3789;8
4096;3790;8
4096;3791;8
4096;3792;8
4096;3793;8
4096;3794;8
4096;3795;8
4096;3796;8
4096;3797;8
4096;3798;8
4096;3799;8
4096;3800;8
4096;3801;8
4096;3802;8
4096;3803;8
4096;3804;8
4096;3805;8
4096;3806;8
4096;3807;8
4096;3808;8
4096;3809;8
4096;3810;8
4096;3811;8
4096;3812;8
4096;3813;8
4096;3814;8
4096;3815;8
4096;3816;8
4096;3817;8
4096;3818;8
4096;3819;8
4096;3820;8
4096;3821;8
4096;3822;8
4096;3823;8
4096;3824;8
4096;3825;8
4096;3826;8
4096;3827;8
4096;3828;8
4096;3829;8
4096;3830;8
4096;3831;8
4096;3832;8
4096;3833;8
4096;3834;8
4096;3835;8
4096;3836;8
4096;3837;8
4096;3838;8
4096;3839;8
4096;3840;8
4096;3841;8
4096;3842;8
4096;3843;8
4096;3844;8
4096;3845;8
4096;3846;8
4096;3847;8
4096;3848;8
4096;3849;8
4096;3850;8
4096;3851;8
4096;3852;8
4096;3853;8
4096;3854;8
4096;3855;8
4096;3856;8
4096;3857;8
4096;3858;8
4096;3859;8
4096;3860;8
4096;3861;8
4096;3862;8
4096;3863;8
4096;3864;8
4096;3865;8
4096;3866;8
4096;3867;8
4096;3868;8
4096;3869;8
4096;3870;8
4096;3871;8
4096;3872;8
4096;3873;8
4096;3874;8
4096;3875;8
4096;3876;8
4096;3877;8
4096;3878;8
4096;3879;8
4096;3880;8
4096;3881;8
4096;3882;8
4096;3883;8
4096;3884;8
4096;3885;8
4096;3886;8
4096;3887;8
4096;3888;8
4096;3889;8
4096;3890;8
4096;3891;8
4096;3892;8
4096;3893;8
4096;3894;8
4096;3895;8
4096;3896;8
4096;3897;8
4096;3898;8
4096;3899;8
4096;3900;8
4096;3901;8
4096;3902;8
4096;3903;8
4096;3904;8
4096;3905;8
4096;3906;8
4096;3907;8
4096;3908;8
4096;3909;8
4096;3910;8
4096;3911;8
4096;3912;8
4096;3913;8
4096;3914;8
4096;3915;8
4096;3916;8
4096;3917;8
4096;3918;8
4096;3919;8
4096;3920;8
4096;3921;8
4096;3922;8
4096;3923;8
4096;3924;8
4096;3925;8
4096;3926;8
4096;3927;8
4096;3928;8
4096;3929;8
4096;3930;8
4096;3931;8
4096;3932;8
4096;3933;8
4096;3934;8
4096;3935;8
4096;3936;8
4096;3937;8
4096;3938;8
4096;3939;8
4096;3940;8
4096;3941;8
4096;3942;8
4096;3943;8
4096;3944;8
4096;3945;8
4096;3946;8
4096;3947;8
4096;3948;8
4096;3949;8
4096;3950;8
4096;3951;8
4096;3952;8
4096;3953;8
4096;3954;8
4096;3955;8
4096;3956;8
4096;3957;8
4096;3958;8
4096;3959;8
4096;3960;8
4096;3961;8
4096;3962;8
4096;3963;8
4096;3964;8
4096;3965;8
4096;3966;8
4096;3967;8
4096;3968;8
4096;3969;8
4096;3970;8
4096;3971;8
4096;3972;8
4096;3973;8
4096;3974;8
4096;3975;8
4096;3976;8
4096;3977;8
4096;3978;8
4096;3979;8
4096;3980;8
4096;3981;8
4096;3982;8
4096;3983;8
4096;3984;8
4096;3985;8
4096;3986;8
4096;3987;8
4096;3988;8
4096;3989;8
4096;3990;8
4096;3991;8
4096;3992;8
4096;3993;8
4096;3994;8
4096;3995;8
4096;3996;8
4096;3997;8
4096;3998;8
4096;3999;8
4096;4000;8
4096;4001;8
4096;4002;8
4096;4003;8
4096;4004;8
4096;4005;8
4096;4006;8
4096;4007;8
4096;4008;8
4096;4009;8
4096;4010;8
4096;4011;8
4096;4012;8
4096;4013;8
4096;4014;8
4096;4015;8
4096;4016;8
4096;4017;8
4096;4018;8
4096;4019;8
4096;4020;8
4096;4021;8
4096;4022;8
4096;4023;8
4096;4024;8
4096;4025;8
4096;4026;8
4096;4027;8
4096;4028;8
4096;4029;8
4096;4030;8
4096;4031;8
4096;4032;8
4096;4033;8
4096;4034;8
4096;4035;8
4096;4036;8
4096;4037;8
4096;4038;8
4096;4039;8
4096;4040;8
4096;4041;8
4096;4042;8
4096;4043;8
4096;4044;8
4096;4045;8
4096;4046;8
4096;4047;8
4096;4048;8
4096;4049;8
4096;4050;8
4096;4051;8
4096;4052;8
4096;4053;8
4096;4054;8
4096;4055;8
4096;4056;8
4096;4057;8
4096;4058;8
4096;4059;8
4096;4060;8
4096;4061;8
4096;4062;8
4096;4063;8
4096;4064;8
4096;4065;8
4096;4066;8
4096;4067;8
4096;4068;8
4096;4069;8
4096;4070;8
4096;4071;8
4096;4072;8
4096;4073;8
4096;4074;8
4096;4075;8
4096;4076;8
4096;4077;8
4096;4078;8
4096;4079;8
4096;4080;8
4096;4081;8
4096;4082;8
4096;4083;8
4096;4084;8
4096;4085;8
4096;4086;8
4096;4087;8
4096;4088;8
4096;4089;8
4096;4090;8
4096;4091;8
4096;4092;8
4096;4093;8
4096;4094;8
4096;4095;8
