Bytes,Chunked IO Read,IO Read + Compute,IO Read + Compute Thread,IO Read + Compute x2,File Map + Compute
32768,11743.28956806425,8172.446097901952,6305.750699277176,13161.47240534748,3517.7199870731956
65536,13300.678677571766,8890.37517132435,8841.919312924667,14989.55801688348,5008.640864674076
131072,13968.884211582028,9252.501192505713,11054.790135598898,16194.930408460023,5626.956779832649
262144,13655.055769857541,9236.943478366928,11988.44975914208,16727.768896544887,6945.101265010412
524288,14410.067781015847,9365.933846188815,12977.840744777157,16830.40972887752,7509.95626566228
1048576,14126.767988459209,9359.763113627438,13551.085623881256,17070.65944977937,7734.336675373006
2097152,14463.611437426009,9497.587587003158,14127.765519744667,17310.669540636438,7857.987012061356
4194304,14443.224953862295,9465.233674137555,14017.840444337844,17218.139021224157,7936.788341668848
8388608,14357.568261948809,9598.988607525773,11760.530692927076,13883.250276471808,7971.510315547757
16777216,12488.007699440815,8358.837875782881,8429.463150477584,9175.267663776418,7939.859979766659
33554432,9343.391865477231,6611.932526091054,7708.700494521656,8199.599205680348,7845.860299469023
67108864,8567.809076676502,6066.450606522017,6852.578353905391,7273.508214546619,7760.765746957982
134217728,7815.422612967443,5582.029421929486,6301.644538367223,6846.398665101394,7755.174519719241
268435456,7510.155835871274,5381.799419153642,5835.367216685506,6534.677040852748,7752.665859301759
536870912,6961.153854981031,5152.94448520911,5058.632305812601,5956.299225268252,7663.669595201659
1073741824,6177.829175720383,4650.562865382348,4659.229948003183,4654.388634466771,7752.2185337980945
